Title,Artist,c_lyrics
I Don't Wanna Know,Enya,i just can t believe this man just another night of these thoughts can t get this outta my head  yeah  somebody said they saw you the person you were kissing wasn t me and i would never ask you i just kept it to myself  i don t wanna know if you re playin  me  keep it on the low cuz my heart can t take it anymore and if you re creepin   please don t let it show oh baby  i don t wanna know  oh baby i think about it when i hold you when looking in your eyes  i can t believe i don t need to know the truth baby  keep it to yourself  i don t wanna know if you re playin  me  keep it on the low cuz my heart can t take it anymore and if you re creepin   please don t let it show oh baby  i don t wanna know  did he touch you better than me did he watch you fall asleep did you show him all those things that you used to do to me if you re better off that way baby all that i can say if you re gonna do your thing then don t come back to me  i don t wanna know your whereabouts or how you movin i know when you in the house or when you cruisin its been proven  my love you abusin i can t understand how a man got you choosin  yeah  undecided i came and provided  my undivided you came and denied it  why   don t even try it  i know when you lyin  i know when you lyin  don t even do that i know why you cryin  stop cryin  i m not applyin no pressure  just wanna let you know that i don t wanna let you go  i don t wanna let you go  and i don t wanna let you leave can t say i didn t let you breathe gave you extra cheese c mon  put you in the suv you wanted ice so i made you freeze made you hot like the west indies  that s right  now its time you invest in me cause if not then its best you leave holla yeah  i don t wanna know if you re playin  me  keep it on the low cuz my heart can t take it anymore and if you re creepin   please don t let it show oh baby  i don t wanna know  i don t wanna know if you re playin  me  keep it on the low cuz my heart can t take it anymore and if you re creepin   please don t let it show oh baby  i don t wanna know
The Humming,Enya,and all the light  will be  will be and all the future prophecy and all the waves  the sea  the sea and on the road are you and me  mmmhmmm  mmmhmmm mmmhmmm  mmmhmmm  and all the winds are like a kiss and all the years are nemesis and all the moments fall in mist and all is dust  remember this  mmmhmmm  mmmhmmm mmmhmmm  mmmhmmm mmmhmmm  mmmhmmm mmmhmmm  mmmhmmm  and all the light will be  will be and all the waves  the sea and all the waves  the sea  the sea when all the light will be  and all the dust will drift away and all the nights and all the days and all the heavens go their way and only change is here to stay  mmmhmmm  mmmhmmm mmmhmmm  mmmhmmm mmmhmmm  mmmhmmm mmmhmmm  mmmhmmm  and all the light will be  will be and all the waves  the sea and all the waves  the sea  the sea when all the light will be  and all the stars without a name and all the skies that look the same and all the clouds that fade and then then all of this begins again  mmmhmmm  mmmhmmm mmmhmmm  mmmhmmm
The Loxian Gate,Enya,ora beyhe o llay ay o ay a bey ah llay  ora beyhe o llay ay o ay a bey ah aday  phormmayonay menemmay bayrr o no orpirrrommay eepha lyi kul ay o no  oooo vaya vee  oooo daya dee oooo vaya vee  oooo daya dee  orluuammay oanrro a kaleean orberummay essa phayr mayvollan  oooo vaya vee  oooo daya dee oooo vaya vee  oooo daya dee  orjummay rro llay kollan ju orrommayanay kammay a menemmay  oooo vaya vee  oooo daya dee oooo vaya vee  oooo daya dee  horoommay no bey a errusay eella erkaka  huruhuru netheejan  horkanmmaynay seva beru sevaran nay a korheeay  huruhuru netheejan
So I Could Find My Way,Enya,a thousand dreams you gave to me you held me high  you held me high and all those years you guided me so i could find my way  how long your love had sheltered me you held me high  you held me high a harbour holding back the sea so i could find my way  so let me give this dream to you upon another shore so let me give this dream to you each night and ever more  yet only time keeps us apart you held me high  you held me high you re in the shadows of my heart so i can find my way  you held me high  you held me high  so let me give this dream to you upon another shore so let me give this dream to you each night and ever more  a thousand dreams you gave to me you held me high  you held me high and all those years you guided me so i could find my way  so i could find my way
Even In The Shadows,Enya,even in the shadows i turn around to find you walk away and even when i whisper the winds will come to steal the words i say  i could fall and keep on falling i could call and keep on calling wonder why this love is over wonder why it s not forever  even in the silence i hear my heart it s still a part of you and even in the morning when light has come i don t know what to do   so high  so low  i could fall and keep on falling i could call and keep on calling wonder why this love is over wonder why it s not forever   so high  so low  i could fall and keep on falling i could call and keep on calling wonder why this love is over wonder why it s not forever   so high  so low  i could fall and keep on falling i could call and keep on calling wonder why this love is over wonder why it s not forever   so high  so low  i could fall and keep on falling i could call and keep on calling wonder why this love is over wonder why it s not forever
Echoes in Rain,Enya,ah  ah  ah  ah  ah  ah  ah  ah ah  ah  ah  ah  ah  ah  ah  wait for the sun watching the sky black as a crow night passes by taking the stars so far away everything flows here comes another new day ah  ah  ah  ah  ah  ah  ah  into the wind i throw the night silver and gold turn into light i m on the road i know the way everything flows here comes another new day  alleluia  alle alle alleluia alleluia  alleluia alleluia  alle alle alleluia alleluia  alleluia ah  ah  ah  ah  ah  ah  ah  echoes in rain drifting in waves long journey home never too late black as a crow night comes again everything flows here comes another new day  alleluia  alle alle alleluia alleluia  alleluia alleluia  alle alle alleluia alleluia  alleluia ah  ah  ah  ah  ah  ah  ah  ah ah  ah  ah  ah  ah  ah  ah  alleluia  alle alle alleluia alleluia  alleluia alleluia  alle alle alleluia alleluia  alleluia alleluia  alle alle alleluia alleluia  alleluia alleluia  alle alle alleluia alleluia  alleluia ah  ah  ah  ah  ah  ah  ah  ah ah  ah  ah  ah  ah  ah  ah  ah aah aah aah aah
I Could Never Say Goodbye,Enya,night has gone without my tears now i walk alone you re no longer here the days turn to years  i could never say goodbye to the sadness in my eyes you know you are in my heart but the miles keep us apart  time moves slow in the falling rain i still dream of you and whisper your name will i see you once again   i could never say goodbye to the sadness in my eyes you know you are in my heart but the miles keep us apart  i could never say goodbye
Dark Sky Island,Enya,listen to the waves speak up the blue voice of the sea and they whisper as they touch the shore come back to me come back to me  boat by boat upon the waves all come to find the light in the darkness of the sky above come back to me come back to me  capella  auriga eta carinae  sagitta aquila  alpha centauri  twilight comes to close the day and let the night break free and from deep blue skies the heavens rise come back to me come back to me come back to me come back to me  capella  auriga eta carinae  sagitta aquila  alpha centaurii  moonlight brings the ocean s storms like waves upon the sea and the midnight shore calls out once more come back to me come back to me come back to me come back to me  come back to me come back to me
Sancta Maria,Enya,sancta maria sancta maria sancta maria sancta maria  sancta maria  maria  maria sancta maria  maria  maria sancta maria  maria  maria sancta maria  maria  maria  sancta maria  sancta maria sancta maria  sancta maria sancta maria  sancta maria sancta maria  sancta maria sancta maria  sancta maria  maria  maria sancta maria  maria  maria sancta maria  maria  maria sancta maria  maria  maria sancta maria  maria  maria sancta maria  maria  maria
Diamonds On The Water,Enya,listen to the river it echoes softly drifting in my memories the sound of summer  da de da de da de da de da de da de da de da de da de da de da de da de  listen to my heart beat as i lie dreaming everywhere is whispering the sound of summer  the diamonds on the water are falling from the sun the diamonds on the water are da de da de da de  da de da de da de da de da de da de da de da de da de da de da de da de da de da de da de
Pale Grass Blue,Enya,a silver hue on wings of blue as all around me shadows dance in light sun is high above and winds are still enough and all i want to do is stay and everywhere the blues are moving in the air i see them in their flight sun is high above and winds are still enough and all i want to do is stay  for seven days they make the sky look down upon them as they go their way sun is high above and winds are still enough and all i want to do is stay  for seven nights they wait the moment for the morning light to come again sun is high above and winds are still enough and all i want to do is stay  and one by one they wander one by one meander never go astray sun is high above and winds are still enough and all i want to do is stay  and so i stand and gaze and so i watch the maze of blues depart the day sun is high above and winds are still enough and one by one they fly away sun is high above and winds are still enough and one by one they fly away sun is high above and winds are still enough and one by one they fly away
Remember Your Smile,Enya,lost in the mountains far from the crowds we would wander together walking for miles with night still before us and day passing by i always remember your smile  cool in the evening warm in the sun the clouds moving slowly time was undone yet the days fell before us and nights rolled on by i always remember your smile  every step and each moment were all so worthwhile i always remember your smile  i always remember your smile  and it s strange how for a moment the heavens were mine i always remember your smile  each one has a journey that s how it goes sometimes we re together sometimes alone
If I Could Be Where You Are,Enya,where are you this moment  only in my dreams  you re missing  but you re always a heartbeat from me  i m lost now without you  i don t know where you are  i keep watching  i keep hoping  but time keeps us apart   is there a way i can find you  is there a sign i should know  is there a road i could follow to bring you back home   winter lies before me now you re so far away  in the darkness of my dreaming the light of you will stay   if i could be close beside you if i could be where you are if i could reach out and touch you and bring you back home is there a way i can find you is there a sign i should know is there a road i can follow to bring you back home to me 
Orinoco Flow,Enya,sail away  sail away  sail away sail away  sail away  sail away sail away  sail away  sail away sail away  sail away  sail away  from bissau to palau  in the shade of avalon from fiji to tyree and the isles of ebony from peru to cebu hear the power of babylon from bali to cali  far beneath the coral sea  turn it up  turn it up  turn it up  up  adieu  ooh ooh turn it up  turn it up  turn it up  up  adieu  ooh ooh turn it up  turn it up  turn it up  up  adieu  oh   sail away  sail away  sail away sail away  sail away  sail away sail away  sail away  sail away sail away  sail away  sail away  from the north to the south  ebudæ into khartoum from the deep sea of clouds to the island of the moon carry me on the waves to the lands i ve never been carry me on the waves to the lands i ve never seen we can sail  we can sail with the orinoco flow we can sail  we can sail  sail away  sail away  sail away   we can steer  we can near with rob dickins at the wheel we can sigh  say goodbye ross and his dependencies we can sail  we can sail  sail away  sail away  sail away   we can reach  we can beach on the shores of tripoli we can sail  we can sail  sail away  sail away  sail away  from bali to cali  far beneath the coral sea we can sail  we can sail  sail away  sail away  sail away  from bissau to palau  in the shade of avalon we can sail  we can sail  sail away  sail away  sail away  we can reach  we can beach far beyond the yellow sea we can sail  we can sail  sail away  sail away  sail away  from peru to cebu hear the power of babylon we can sail  we can sail  sail away  sail away  sail away  we can sail  we can sail  sail away  sail away  sail away sail away  sail away  sail away sail away  sail away  sail away sail away  sail away  sail away sail away  sail away  sail away
Trains and Winter Rains,Enya,city streets passing by underneath stormy skies  neon signs in the night red and blue city lights cargo trains rolling by once again someone cries  trains and winter rains no going back no going home trains across the plains and in the sky a star alone  every time it s the same one more night one more train everywhere empty roads where they go no one knows  trains and winter rains no going back no going home trains across the plains and in the sky a star alone trains and winter rains no going back no going home trains across the plains and in the sky a star alone  trains and winter rains no going back no going home trains across the plains and in the sky a star alone trains and winter rains no going back no going home trains across the plains and in the sky a star alone
My! My! Time Flies!,Enya,my  my  time flies  one step and we re on the moon next step into the stars my  my  time flies maybe we could be there soon a one way ticket to mars  my  my  time flies a man underneath a tree an apple falls on his head my my time flies a man wrote a symphony  it s 1812  my  my  time flies four guys across abbey road one forgot to wear shoes my  my  time flies a rap on a rhapsody a king who s still in the news a king to sing you the blues  my  my  time flies a man in a winter sleigh white white white as the snow my  my  time flies a new day is on its way so let s let yesterday go could be we step out again could be tomorrow but then could be 2010
Aniron,Enya,o môr henion i dhû ely siriar  êl síla ai  aníron undómiel  tiro  êl eria e môr i  lîr en êl luitha  uren ai  aníron
Stars and Midnight Blue,Enya,memories we share together moments no one else can know i will keep them close to me never let them go  once you filled my hands with roses then you gave your heart to me when a kiss had followed this love was meant to be  time goes by  and the snow is drifting slowly in the sky  cold  cold night as you lie beside me  i can hear your heartbeat  you have lost yourself in dreaming i have lost myself in you now we lie beneath the sky stars and midnight blue stars and midnight blue
Storms in Africa,Enya,cá fhad é ó  cá fhad é ó  siúl tríd na stoirmeacha   dul tríd na stoirmeacha   cá fhad é ó  an tús don stoirm   cá fhad é ó  an tús go deireadh    tóg do chroí   siúl tríd na stoirmeacha   tóg do chroísa   dul tríd na stoirmeacha    turas mór   tor tríd na stoirmeacha   turas fada   amharc tríd na stoirmeacha 
Caribbean Blue,Enya,eurus afer ventus  so the world goes round and round with all you ever knew they say the sky high above is caribbean blue  if every man says all he can if every man is true do i believe the sky above is caribbean blue   boreas  zephryus   if all you told was turned to gold if all you dreamed was new imagine sky high above in caribbean blue
Amarantine,Enya,you know when you gave your love away it opens your heart  everything is new and you know time will always find a way to let your heart believe it s true you know love is everything you say a whisper  a word  promises you give you feel it in the heartbeat of the day you know this is the way love is  amarantine amarantine amarantine love is always love  you know love may sometimes make you cry so let the tears go  they will flow away for you know love will always let you fly how far a heart can fly away  amarantine amarantine amarantine love is always love  you know when love s shining in your eyes it may be the stars fallen from above and you know love is with you when you rise for night and day belong to love
Book of Days,Enya,one day  one night  one moment  my dreams could be  tomorrow  one step  one fall  one falter  east or west  over earth or by ocean  one way to be my journey  this way could be my book of days    ó lá go lá  mo thuras  an bealach fada romham  ó oíche go hoíche  mo thuras  na scéalta nach mbeidh a choích   no day  no night  no moment  can hold me back from trying  i ll flag  i ll fall  i ll falter  i ll find my day may be  far and away  far and away   one day  one night  one moment  with a dream to believe in  one step  one fall  one falter  and a new earth across a wide ocean  this way became my journey  this day ends together  far and away    this day ends together  far and away  far and away  
Sumiregusa,Enya,mono no aware murasaki iro no hana haru no hana to fuyu mo koyuki harahara  shizen no bi kana ah  midori no ha to aki no iro  kaze no koe tori no saezuri kanashii umi yorokobino umi yama koishi ayameghusa   translation   wild violet  the poignancy of things a purple flower the blossom of springs and the light snow of winter how they fall  the beauty of nature a green leaf and autumn colors  the voice of the wind the song of birds a sad sea a joyful sea mountains pebbles a wild iris
The River Sings,Enya,our words go beyond the moon  our words go into the shadows  the river sings the endlessness  we write of our journey through night  we write in our aloneness  we want to know the shape of eternity   who knows the way it is  who knows what time will not tell us   mountains  solitude and the moon until the journey s end  the river holds the lost road of the sky  the shape of eternity   who knows the way it is  who knows what time will not tell us   where is the beginning  where is the end  why did we fall into days  why are we calling out into the endlessness   who knows the way it is  who knows what time will not tell us 
The Celts,Enya,hi ri  hi ro  hi ri  hoireann is o  ha hi  ra ha  ra ho ra  hoireann is o  ha hi  ra ha  ra ha ra  hi ri  hi ra  hi ri   saol na saol  tús go deireadh  tá muid beo go deo   saol na saol  tús go deireadh  tá muid beo go deo   hi ri  hi ra  hi ri  hoireann is o  ho hi  ra ha  ra ha ra 
Only Time,Enya,who can say where the road goes where the day flows  only time and who can say if your love grows as your heart chose  only time  who can say why your heart sighs as your love flies  only time and who can say why your heart cries when your love lies  only time  who can say when the roads meet that love might be in your heart and who can say when the day sleeps if the night keeps all your heart night keeps all your heart  who can say if your love grows as your heart chose  only time and who can say where the road goes where the day flows  only time  who knows  only time who knows  only time
Wild Child,Enya,ever close your eyes ever stop and listen ever feel alive and you ve nothing missing you don t need a reason let the day go on and on  let the rain fall down everywhere around you give into it now let the day surround you you don t need a reason let the rain go on and on  what a day  what a day to take to what a way  what a way to make it through what a day  what a day to take to a wild child  only take the time from the helter skelter every day you find everything s in kilter you don t need a reason let the day go on and on  every summer sun every winter evening every spring to come every autumn leaving you don t need a reason let it all go on and on  what a day  what a day to take to what a way  what a way to make it through what a day  what a day to take to a wild child  what a day  what a day to take to what a way  what a way to make it through what a day  what a day to take to a wild child  what a day  what a day to take to what a way  what a way to make it through what a day  what a day to take to  what a way  what a way to make it through  what a way  what a way to make it through what a day  what a day to take to a wild child what a day  what a day to take to a wild child
Water Shows the Hidden Heart,Enya,from the city of constellations to the wanderer and a place of rains he journeys on the city of hesitation and doubt the island if the house the color of the sea the plain of mementoes he journeys on to find his love th valley of lost time the city of end and endlessness the isle of revenents he journeys on the city of solitudes the city of distance from you the city of words of blue and yellow and red and green he journeys on to find his love  where the road takes him through the city of sleep the thinking that does not end in within him then he dreams the road takes him this man who is searching it brings him in silence through the night where the cities that do not exist  exist it brings him in silence through the night close to the city of realizations it is here one finds the way mount orison the city of days the tree of the lost he journeys on north of his love a road through a valley of darkness the islands that are not of this world he journeys on to find his love  it is a long way through darkness to the way of the eremite to the eremite sings of the world and of the journey of love  which is not lost in eternity the valley where the moon is caught in trees water shows the hidden heart endlong into midnight he journeys on the parable of day the room of books where the winds come to him and say
Anywhere Is,Enya,i walk the maze of moments but everywhere i turn to begins a new beginning but never finds a finish i walk to the horizon and there i find another it all seems so surprising and then i find that i know  you go there you re gone forever i go there i ll lose my way if we stay here we re not together anywhere is  the moon upon the ocean is swept around in motion but without ever knowing the reason for its flowing in motion on the ocean the moon still keeps on moving the waves still keep on waving and i still keep on going  you go there you re gone forever i go there i ll lose my way if we stay here we re not together anywhere is  i wonder if the stars sign the life that is to be mine and would they let their light shine enough for me to follow i look up to the heavens but night has clouded over no spark of constellation no vela no orion  the shells upon the warm sands have taken from their own lands the echo of their story but all i hear are low sounds as pillow words are weaving and willow waves are leaving but should i be believing that i am only dreaming  you go there you re gone forever i go there i ll lose my way if we stay here we re not together anywhere is  to leave the tread of all time and let it make a dark line in hopes that i can still find the way back to the moment i took the turn and turned to begin a new beginning still looking for the answer i cannot find the finish it s either this or that way it s one way or the other it should be one direction it could be on reflection the turn i have just taken the turn that i was making i might be just beginning i might be near the end 
Flora's Secret,Enya,lovers in the long grass look above them only they can see where the clouds are going only to discover dust and sunlight ever make the sky so blue  afternoon is hazy river flowing all around the sounds moving closer to them telling them the story told by flora dreams they never knew  silver willows tears from persia those who come from a far off island winter chanterelle lies under cover glory of the sun in blue  some they know as passion some as freedom some they know as love and the way it leaves them summer snowflake for a season when the sky above is blue when the sky above is blue  lying in the long grass close beside her giving her the name of the one the moon loves this will be the day she will remember when she knew his heart was loving in the long grass close beside her whispering of love and the way it leaves them lying in the long grass in the sunlight they believe it s true love and from all around them flora s secret telling them of love and the way it breathes and looking up from eyes of amaranthine they can see the sky is blue knowing that their love is true dreams they never knew and the sky above is blue
Cursum Perficio,Enya,cursum perficio  cursum perficio  cursum perficio  cursum perficio  cursum perficio   verbum sapienti  eo plus cupiunt   verbum sapienti  quo plus habent  eo plus cupiunt  verbum sapienti  quo plus habent  eo plus cupiunt   post nubila  phoebus  post nubila  phoebus  post nubila  phoebus   quo plus habent  eo plus cupiunt  quo plus habent  eo plus cupiunt  quo plus habent  eo plus cupiunt   post nubila  phoebus  post nubila  phoebus  post nubila  phoebus  post nubila  phoebus  post nubila  phoebus  post nubila  phoebus   iternum  iternum  iternum
Fallen Embers,Enya,once  as my heart remembers  all the stars were fallen embers  once  when night seemed forever i was with you   once  in the care of morning in the air was all belonging  once  when that day was dawning i was with you   how far we are from morning  how far we are and the stars shining through the darkness  falling in the air   once  as the night was leaving into us our dreams were weaving  once  all dreams were worth keeping  i was with you   once  when our hearts were singing  i was with you 
Aldebaran,Enya,codladh fada  codladh domhain  éirigh  amharc síos aldebaran    siúil liom tríd an réalta dearg  deireadh  deireadh an turas  réaltóg  réaltóg dearg  
One by One,Enya,here am i yet another goodbye  he says adiã³s  says adiã³s  and do you know why she won t break down and cry  she says adiã³s  says adiã³s  goodbye    one by one my leaves fall  one by one my tales are told   it s no lie she is yearning to fly  she says adiã³s  says adiã³s  and now you know why he s a reason to sigh she says adiã³s  says adiã³s  goodbye   one by one my leaves fall  one by one my tales are told    my  oh my  she was aiming too high  he says adiã³s  says adiã³s  and now you know why there s no moon in her sky he says adiã³s  says adiã³s  goodbye   he says adiã³s  says adiã³s  goodbye    no goodbyes for love brightens their eyes  don t say adiã³s  say adiã³s  and do you know why there s a love that won t die  don t say adiã³s  say adiã³s  goodbye  don t say adiã³s  say adiã³s  goodbye  don t say adiã³s  say adiã³s  goodbye 
Pax Deorum,Enya,domineoveniteosacramentum discesm eodeo domineoveniteosacramentum discesm eodeo domineoveniteosacramentum discesm eodeo athairarneamhdialinn  athairarneamhdialiom  omnem crede diem tibi diluxisse supremum  omnem crede diem tibi diluxisse supremum 
Watermark,Enya,cursum perficio    cursum perficio   verbum sapienti   quo plus habent   eo plus cupiunt   post nubila  phoebus  iternum     translation   i am making an end to my course   a word to the wise   the more  people  have  the more they want   after the clouds  phoebus  over and over again
May It Be,Enya,may it be an evening star shines down upon you may it be when darkness falls your heart will be true you walk a lonely road oh  how far you are from home  mornie utulie  believe and you will find your way mornie alantie  a promise lives within you now  may it be the shadow s call will fly away may it be your journey on to light the day when the night is overcome you may rise to find the sun  mornie utulie  darkness has come   believe and you will find your way mornie alantie  darkness has fallen   a promise lives within you now  a promise lives within you now
Watermark [Remastered 2009],Enya,cursum perficio    cursum perficio   verbum sapienti   quo plus habent   eo plus cupiunt   post nubila  phoebus  iternum     translation   i am making an end to my course   a word to the wise   the more  people  have  the more they want   after the clouds  phoebus  over and over again
Oíche Chiúin [Chorale],Enya,oíche chiúin  oíche mhic dé cách  na suan  dís araon dís is dílse  faire le spéis naíon beag  leanbh ceansa  gus caomh críost   na chodhladh go sámh críost   na chodhladh go sámh  oíche chiúin  oíche mhic dé aoirí ar dtús chuala  n scéal allelúia aingeal ag glaoch cantain suairc i ngar is i gcéin críost an slánaitheoir féin críost an slánaitheoir féin  oíche chiúin  oíche mhic dé cách  na suan  dís araon dís is dílse  faire le spéis naíon beag  leanbh ceansa  gus caomh críost   na chodhladh go sámh críost   na chodhladh go sámh
Oíche Chiúin [Silent Night],Enya,oiche chiuin  oiche mhic de  cach  na suan dis araon  dis is dilse  faire le speis naion beag  leanbh ceansa  gus caomh   criost   na chodladh go samh  criost   na chodladh go samh   oiche chiuin  oiche mhic de  aoiri ar dtus chuala  n sceal  alleluia aingeal ag glaoch  cantain suairc i ngar is i gcein   criost an slanaitheoir fein  criost an slanaitheoir fein    translation   silent night  night of god s son  everyone is asleep  the pair together  the most faithful pair  watching with hope a little baby  a mild and gentle child   christ  calmly asleep  christ  calmly asleep   silent night  night of god s son  shepherds were first to hear the tale  the angels crying out alleluia  lovely chanting near and far   christ  the saviour himself  christ  the saviour himself  
Evening Falls,Enya,when the evening falls  and the daylight is fading  from within me calls could it be i am sleeping  for a moment i stray   then it holds me completely close to home   i cannot say close to home feeling so far away  as i walk the room there before me a shadow from another world  where no other can follow carry me to my own  to where i can cross over close to home   i cannot say close to home feeling so far away  forever searching  never right  i am lost in oceans of night   forever hoping i can find memories those memories i left behind  even though i leave will i go on believing that this time is real   am i lost in this feeling  like a child passing through   never knowing the reason i am home   i know the way i am home   feeling oh  so far away 
It's in the Rain,Enya,every time the rain comes down i close my eyes and listen i can hear the lonesome sound of the sky as it cries  listen to the rain here it comes again hear it in the rain  feel the touch of tears that fall they won t fall forever in the way the day will flow all things come  all things go  listen to the rain  the rain here it comes again  again hear it in the rain  the rain  late at night i drift away i can hear you calling and my name is in the rain leaves on trees whispering deep blue seas  mysteries  even when this moment ends can t let go this feeling everything will come again in the sound falling down of the sky as it cries hear my name in the rain
Only If,Enya,when there s a shadow  you follow the sun  when there is love  then you look for the one  and for the promises  there is the sky  and for the heavens are those who can fly   if you really want to  you can hear me say only if you want to will you find a way  if you really want to you can seize the day  only if you want to will you fly away   da da da da  da da da da da  da da da da  da da da da da  da da da da   when there s a journey  you follow a star  when there s an ocean  you sail from afar  and for the broken heart  there is the sky  and for tomorrow are those who can fly   if you really want to  you can hear me say only if you want to will you find a way  if you really want to you can seize the day  only if you want to will you fly away   da da da da  da da da da da  da da da da  da da da da da  da da da da   ooh go doe bay mwa  ooh go doe bay mwa   if you really want to  you can hear me say only if you want to will you find a way  if you really want to you can seize the day  only if you want to will you fly away   ah  je voudrai voler comme un oiseau d aile ah  je voudrai voler comme un oiseau d aile  d aile  ooh go doe bay mwa  ooh go doe bay mwa   if you really want to  you can hear me say only if you want to will you find a way  if you really want to you can seize the day  only if you want to will you fly away   if you really want to you can seize the day  only if you want to will you fly away 
On My Way Home,Enya,i have been given one moment from heaven as i am walking surrounded by night  stars high above me make a wish under moonlight     on my way home i remember only good days  on my way home i remember all the best days  i m on my way home i can remember every new day   i move in silence with each step taken  snow falling round me like angels in flight  far in the distance is my wish under moonlight  on my way home i remember only good days  on my way home i remember all the best days  i m on my way home i can remember every new day 
Journey of the Angels,Enya,somewhere in a winter night the angels begin their flight dark skies with miles to go no footsteps to be lost in snow  they fly to you oh  newborn king they fly to you oh  angels sing  one is sorrow one is peace one will come to give you sleep one is comfort one is grief one will take the tears you weep  new star in a midnight sky in heaven all the angels fly soft wings so true and all things they will give to you  somewhere in a winter night the angels begin their flight  tonight all sing oh  angels a newborn king tonight all sing oh  angels a newborn king
White Is in the Winter Night,Enya,have you seen the mistletoe it fills the night with kisses have you seen the bright blue star it fills your heart with wishes have you seen the candlelight it shines from every window have you seen the moon above it lights the sky in silver  green is in the mistletoe and red is in the holly silver in the stars above that shine on everybody gold is in the candlelight and crimson in the embers white is in the winter night that everyone remembers  have you heard the boys outside when all the girls are skating have you heard their sweet hearts cry for all this time they re waiting  green is in the mistletoe and red is in the holly silver in the stars above that shine on everybody gold is in the candlelight and crimson in the embers white is in the winter night that everyone remembers  have you seen the children playing tiny hands are frozen have you seen them hurry home when suddenly its snowing  green is in the mistletoe and red is in the holly silver in the stars above that shine on everybody gold is in the candlelight and crimson in the embers white is in the winter night that everyone remembers  have you heard that bells are ringing ringing out their story have you heard the choir singing glory  glory glory
"O Come, O Come, Emmanuel",Enya,o come  o come emmanuel to free your captive israel that mourns in lonely exile here until the son of god appear  rejoice  rejoice o israel to you shall come emmanuel  veni  veni  emmanuel captivum solve israel qui gemit in exilio privatus dei filio  gaude  gaude  emmanuel nascetur pro te  israel   gaude  gaude   gaude  gaude   gaude  gaude   gaude  gaude   gaude  gaude  emmanuel nascetur pro te  israel  gaude  gaude  emmanuel nascetur pro te  israel
Dreams Are More Precious,Enya,come see  high above come see  high in the heavens a new star shining bright out of the darkness  comes a light  come here  in a child come here  bells that are ringing and for some distant shore sounds of a journey  echo on  this is the night they say everyone wants a dream  this is the night they say nothing is as it seems  come see  close your eyes come see  give me your sorrow and i keep watch for you until the dawn is breaking through until the morning wakens you  come dream  through the night come dream  and then tomorrow they ll see who  what will know  dreams are more precious than gold dreams are more precious than gold dreams are more precious than gold
Last Time by Moonlight,Enya,the winter sky above us was shining in moonlight and everywhere around us the silence of midnight and we had gathered snowflakes remember the soft light of starlight on snow  oooh  remember this for no one knows the way love goes oooh  remember this for no one knows the way life goes  we walked the road together one last time by moonlight as underneath the heavens the slow chimes at midnight but nothing is forever not even the starlight at midnight not even the moonlight  oooh  remember this for no one knows the way love goes oooh  remember this for no one knows the way life goes  oooh  remember this for no one knows the way love goes oooh  remember this for no one knows the way life goes
One Toy Soldier,Enya,one toy soldier stands alone with his drum down by his side one toy soldier on his own with his drum to keep the time  he keeps the beet of marching feet he keeps the beat so true he s one small toy for one small boy but his heart is oh so blue  who can mend my broken drum will it be as good as new i must play when morning comes if i don t  what shall i do   he keeps the beat of marching feet he keeps the beat inside while children sleep  he dreams so deep there s a secret he must hide  for he keeps the beat of marching feet he keeps the beat so true he wants to sing and hopes to bring happy christmas day to you  he keeps the beat of marching feet he keeps the beat inside someone has come to mend his drum now his heart lights up with pride  so he keeps the beat of marching feet he keeps the beat so true when morning comes  he plays his drum  happy christmas day to you happy christmas day to you happy christmas day to you happy christmas day to you
The Spirit of Christmas Past,Enya,when tears are in your eyes it s time to look inside your heart can find another way  believe in what i say don t throw this time away tomorrow will be christmas day  christmas day  so let the shadows go and drift away like snow tomorrow will be christmas day tomorrow will be christmas day  christmas day  so dream until the night becomes the morning light tomorrow will be christmas day tomorrow will be christmas day
Miraculum,Enya,o semel canebamus fabulam magnae diei lunae lucem in aqua litora  stellam  caelum  vela dare miraculum vela dare  vero semel salum sub hesperus ita vela dedimus  in hodierna die canimus albae nivis lunae lucem in gelu lacrima et pluviae  vela dare miraculum vela dare  vero viatores ecce caelum oceanus et terra  vela dare miraculum vela dare  vero ite  ite mare  mare sub vespertine stella  vela dare miraculum vela dare  vero et iam annus vicesimus tempus est somnium  vela dare miraculum vela dare  vero et fortasse crastinus deis vela dabimus  vela  vela dabimus  vela vela dabimus  vela vela dabimus  vela
Evacuee,Enya,each time on my leaving home i run back to my mother s arms  one last hold and then it s over    watching me  you know i cry  you wave a kiss to say goodbye  feel the sky fall down upon me    all i am  a child with promises all i have  are miles full of promises of home    if only i could stay with you  my train moves on  you re gone from view  now i must wait until it s over    days will pass  your words to me  it seems so long  eternity  but i must wait until it s over  
China Roses,Enya,who can tell me if we have heaven  who can say the way it should be  moonlight holly  the sappho comet  angel s tears below a tree    you talk of the break of morning as you view the new aurora  cloud in crimson  the key of heaven  one love carved in acajou   one told me of china roses  one a thousand nights and one night  earth s last picture  the end of evening hue of indigo and blue   a new moon leads me to woods of dreams and i follow  a new world waits for me  my dream  my way    i know that if i have heaven there is nothing to desire  rain and river  a world of wonder may be paradise to me   i see the sun  i see the stars  
Exile,Enya,cold as the northern winds  in december mornings   cold is the cry that rings  from this far distant shore   winter has come too late  too close beside me   how can i chase away  all these fears deep inside    i ll wait the signs to come   i ll find a way  i will wait the time to come   i ll find a way home   my light shall be the moon  and my path   the ocean   my guide the morning star  as i sail home to you    i ll wait the signs to come   i ll find a way  i will wait the time to come   i ll find a way home   my light shall be the moon  and my path   the ocean   my guide the morning star  as i sail home to you    who then can warm my soul   who can quell my passion   out of these dreams   a boat  i will sail home to you  
"Adeste, Fideles",Enya,adeste fideles laeti triumphantes venite  venite in bethlehem natum videte regem angelorum  venite  adoremus  venite  adoremus  venite  adoremus  dominum   deum de deo  lumen de lumine  gestant puellae viscera deum verum  genitum non factum   venite  adoremus  venite  adoremus  venite  adoremus  dominum   gloria in excelsis deo   venite  adoremus  venite  adoremus  venite  adoremus  dominum 
The Magic of the Night,Enya,when the stars are in the skies  make a wish then close your eyes  are you dreaming  angels singing  everything is right  it s the magic of the night   far horizons made of snow  bring the hopes each child will know  someone s dreaming  bells are ringing  everything is white  it s the magic of the night   high up in the sky  can you see a shining light  can it be that we can see an angel who is flying  flying   can an angel lose their way  who of us on earth can say  someone s dreaming  angels singing  everything is right  it s the magic of the night   high up in the sky  can you see a shining light  can it be that we can see an angel who is flying  flying   when the stars are in the skies  make a wish then close your eyes  are you dreaming  bells are ringing  angels are in flight  it s the magic of the night   angels are in flight  it s the magic of the night
We Wish You a Merry Christmas,Enya,we wish you a merry christmas we wish you a merry christmas we wish you a merry christmas and a happy new year  we wish you a merry christmas we wish you a merry christmas we wish you a merry christmas and a happy new year  good tidings we bring to you and your kin we wish you a merry christmas and a happy new year  we all want some figgy pudding we all want some figgy pudding we all want some figgy pudding so bring some right here  we won t go until we get some we won t go until we get some we won t go until we get some so bring some right here  good tidings we bring to you and your kin we wish you a merry christmas and a happy new year  good tidings we bring to you and your kin we wish you a merry christmas and a happy new year  we wish you a merry christmas we wish you a merry christmas we wish you a merry christmas and a happy new year  we wish you a merry christmas we wish you a merry christmas we wish you a merry christmas and a happy new year
Christmas Secrets,Enya,underneath a winter sky  a distant train sings out the miles  and so i wonder can it be  will every mile bring you to me   a promise made may still come true  so i am waiting here for you  if you don t come  what will i do  who shall i tell my secrets to   christmas bells ring out their chimes  i hear them echo through the night  and moonlight shines upon the road  and trembles on the falling snow   i look into the midnight blue  so many stars i never knew  if you don t come  what will i do  who shall i tell my secrets to   i look into the midnight blue  so many stars i never knew  if you don t come  what will i do  who shall i tell my secrets to 
Amid the Falling Snow,Enya,how i remember sleepless nights when we would read by candlelight  and on the windowpane outside a new world made of snow  a million feathers falling down  a million stars that touch the ground  so many secrets to be found amid the falling snow   maybe i am falling down  tell me should i touch the ground  maybe i won t make a sound in the darkness all around   the silence of a winter s night brings memories i hold inside  remembering a blue moonlight upon the fallen snow   maybe i am falling down  tell me should i touch the ground  maybe i won t make a sound in the darkness all around   i close my window to the night  i leave the sky her tears of white  and all is lit by candlelight amid the falling snow   and all is lit by candlelight amid the falling snow 
Amarantine [Single Version],Enya,you know when you gave your love away it opens your heart  everything is new and you know time will always find a way to let your heart believe it s true  you know love is everything you say a whisper  a word  promises you give you feel it in the heartbeat of the day you know this is the way love is  chorus amarantine amarantine amarantine love is always love  you know love may sometimes make you cry so let the tears go  they will flow away for you know love will always let you fly how far a heart can fly away  chorus  you know when love s shining in your eyes it may be the stars fallen from above and you know love is with you when you rise for night and day belong to love  
Less Than a Pearl,Enya,out of the night has come the day out of the night  our small earth   our words drift away  our words journey to find those who will listen   we call into the distance  repeat  x4   less than a pearl in the sea of stars  we are a lost island in the shadows   it may be our words become lost  it may be our words find nothing  find no one   we call into the distance  repeat  x2 
"Long, Long Journey",Enya,it may be the stars fallen from above and you know love is with you when you rise for night and day belong to love  city lights shine on the harbour  night has fallen down  through the darkness and the shadow i will still go on   long  long journey through the darkness  long  long way to go  but what are miles across the ocean to the heart that s coming home   where the road runs through the valley  where the river flows  i will follow every highway to the place i know   long  long journey through the darkness  long  long way to go  but what are miles across the ocean to the heart that s coming home   long  long journey out of nowhere  long  long way to go  but what are sighs  and what is sadness to the heart that s coming home    repeat 
Someone Said Goodbye,Enya,summer  when the day is over there s a heart a little colder  someone said goodbye  but you don t know why  somewhere there is someone keeping all the tears they have been weeping  someone said goodbye  but you don t know why   is there a reason why a broken heart begins to cry  is there a reason you were lost although you don t know why  give me a reason why you never want to say goodbye  if there s a reason  i don t know why   always looking for meaning  all the time you keep believing  but i don t know why you won t say goodbye   even when the sun is shining you don t see the silver lining  but you don t know why you won t say goodbye   is there a reason why a broken dream can never fly  is there a reason you believe and you close your eyes  give me a reason why you hide away so much inside  if there s a reason  i don t know why   is there a reason why a broken heart begins to cry  is there a reason you were lost although you don t know why  give me a reason why you never want to say goodbye  if there s a reason  i don t know why   repeat x4 
A Moment Lost,Enya,it s only now when words are said that break my heart in two  i wonder how you can endure all i ve said  all i say to you   how strong  how brave  how true of you to bear the hurt i gave  i know it tears your heart in two  all i ve said  all i say to you   after all the words are said  after all the dreams we made  every one a precious one  every one a summer sun  a moment lost  forever gone  can never be again  so know how much it means to me  all you said  all you gave  all your love to me 
How Can I Keep from Singing?,Enya,my life goes on in endless song  above earth s lamentations   i hear the real  though far off hymn  that hails a new creation     through all the tumult and the strife  i hear it s music ringing   it sounds an echo in my soul   how can i keep from singing     while though the tempest loudly roars   i hear the truth  it liveth   and though the darkness  round me close   songs in the night it giveth     no storm can shake my inmost calm   while to that rock i m clinging   since love is lord of heaven and earth  how can i keep from singing    when tyrants tremble in their fear  and hear their death knell ringing   when friends rejoice both far and near  how can i keep from singing     in prison cell and dungeon vile  our thoughts to them are winging   when friends by shame are undefiled  how can i keep from singing   
You Should Really Know,Enya,last week when you were cruisin  your best friend moved to me  one day  i didn t want to tell you  so i just kept it to myself   chorus   you should really know  i ain t playin you  babe you gotta know  cause your love is all i m living for  and if you look into my eyes and you will know  oh baby you should really know   background  ya 3ayni  ya leel   ya leili ya 3ayni  ya leel  ya 3eyni ya leel  leely leely ya 3yuni x2  i m mad you think i hurt you  cause your love means everything to me  and i ain t keepin secrets   no no  i m just keepin to myself   repeat chorus    bridge   do you think i want you to leave  when you mean so much to me  but if you don t want to stay  then just let go of me  it would be better off that way  if you won t trust in me  an millions people say  you re the only one i see   naila boss   boy you know that i got ya  anything that you do boy you know i support ya   huh  how could you think i would do this to you  i thought wifey would mean more to you  i ain t trying to say i weren t there that day  i m just trying to say it didn t happen that way  naila boss the name is true  the game is true  you know i belong to you  come on  but if your trying give oramators  then this right here is the point that i make yeh  do you think i d be your wife  allezay  hot grade  i m gonna be alright  trust  cause the love we shared was so wrong  shame  cause i felt it was so strong  it s okay  make your moves  cause i know you ll be back in a year or two   repeat chorus   background  ya 3ayni  ya leel   ya leili ya 3ayni  ya leel  ya 3eyni  ya leel  leely leely ya 3yuni x2 
Ready Or Not,Enya,ready or not  here i come  you can t hide gonna find you and take it slowly ready or not  here i come  you can t hide gonna find you and make you want me  now that i escape  sleepwalker awake those who could relate know the world ain t cake jail bars ain t golden gates those who fake  they break when they meet their 400 pound mate if i could rule the world everyone would have a gun in the ghetto of course when giddyuping on their horse i kick a rhyme drinking moonshine i pour a sip on the concrete  for the deceased but no don t weep  wyclef s in a state of sleep thinking bout the robbery that i did last week money in the bag  banker looked like a drag i want to play with pelicans from here to baghdad gun blast  think fast  i think i m hit my girl pinched my hips to see if i still exist i think not  i ll send a letter to my friends a born again hooligan only to be king again  ready or not  here i come  you can t hide gonna find you and take it slowly ready or not  here i come  you can t hide gonna find you and make you want me  i play my enemies like a game of chess  where i rest no stress  if you don t smoke sess  lest i must confess  my destiny s manifest in some goretex and sweats i make treks like i m homeless rap orgies with porgy and bess capture your bounty like elliot ness  yes bless you if you represent the fu but i ll hex you with some witch s brew if you re doo doo  voodoo i can do what you do  easy  believe me fronting niggas give me hee bee gee bees so while you re imitating al capone  i ll be nina simone and defecating on your microphone  ready or not  here i come  you can t hide gonna find you and take it slowly  you can t run away from these styles i got  oh baby  hey baby cause i got a lot  oh yeah and anywhere you go my whole crew s gonna know baby  hey baby you can t hide from the block  oh no  ready or not  refugees taking over the buffalo soldier  dreadlock rasta on the twelfth hour  fly by in my bomber crews run for cover  now they re under pushing up flowers superfly true lies  do or die toss me high   only puff la with my crew from lock high i refugee from guantanamo bay dance around the border like i m cassius clay
Isobella,Enya,i do bheatha sa tús  sa deireadh  i do bheatha sa tús  sa deireadh  isobella  o isobella  o  i do lá  s tú go sámh i do lá  s tú go fior  grá  anois go deo na ndeor   i do bheatha sa tús  sa deireadh i do bheatha sa tús  sa deireadh isobella  o isobella  o  i do lá  s tú gan buairt i do lá  s tú gan brón grá  anois go deo grá  anois go deo na ndeor      translation   out of morning and into midnight  through the sunrise and under moonlight  isobella  oh  isobella  dream of me   everything that comes from day comes into the heart to stay  love is in your name each day   in the moment you come before me  in that moment i see you only isobella  oh  isobella  dream of me   everything that comes from night comes within your shining light  love is in your name each night 
March of the Celts,Enya,hi ra u o beo go deo    ole ole ole  ole ole ole ole ole ole ole  ole ole ole  ole ole ole    hi ri u o marbh go deo  
On Your Shore,Enya,strange how my heart beats to find myself upon your shore  strange how i still feel my loss of comfort gone before  cool waves wash over and drift away with dreams of youth so time is stolen i cannot hold you long enough  and so this is where i should be now days and nights falling by days and nights falling by me  i know of a dream i should be holding days and nights falling by days and nights falling by me  soft blue horizons reach far into my childhood days as you are rising to bring me my forgotten ways strange how i falter to find i m standing in deep water strange how my heart beats to find i m standing on your shore 
I Want Tomorrow,Enya,dawn breaks  there is blue in the sky  your face before me though i don t know why  thoughts disappearing like tears from the moon    waiting here  as i sit by the stone  they came before me those men from the sun  signs from the heavens say i am the one     now you re here  i can see your light  this light that i must follow  you  you may take my life away  so far away  now i know i must leave your spell i want tomorrow    now you re here  i can see your light  this light that i must follow  you  you may take my life away  so far away  now i know i must leave your spell i want tomorrow 
Orinoco Flow [Sail Away],Enya,let me sail  let me sail  let the orinoco flow  let me reach  let me beach on the shores of tripoli  let me sail  let me sail  let me crash upon your shore  let me reach  let me beach far beyond the yellow sea   from bissau to palau   in the shade of avalon  from fiji to tiree and the isles of ebony  from peru to cebu hear the power of babylon  from bali to cali  far beneath the coral sea   from the north to the south  ebudae into khartoum  from the deep sea of clouds to the island of the moon  carry me on the waves to the lands i ve never been  carry me on the waves to the lands i ve never seen   we can sail  we can sail we can steer  we can near with rob dickins at the wheel  we can sigh  say goodbye ross and his dependencies we can sail  we can sail
Ebudae,Enya,eww harlay eyuwee heewah oohah sharlay marc toh cheeteeh woodenuh  aran doi dig coh hoh partenuh ooh lee ah ooh harlorh  eww harlay eyuwee heewah oohah harlay mwahnee kahah montenah  ooh de keewah  ooh de keewah  oohnah li ansai angrass de la ooh hoo lee ah ooh harlorh   ahh  amharc  mn ag obair l  s mall san och   ceolann siad ar laetha geal  a bh  bealach fada annon  s anall a choch    ahh  eww harlay eyuwee heewah oohah harlay wooneenchi doidig dohtenuh  dohtenuh  dohtenuh ooh de keewah  woohnah wui an jaeshah woodenuh ooh lee ah ooh harlorh  eww harlay eyuwee heewah oohah sharlay marc toh cheeteeh woodenuh  ooh de keewah  ooh de keewah  aran doi dig coh hoh partenuh ooh lee ah ooh harlorh  ooh  eww harlay eyuwee heewah oohah ooh  li ah  kahah montenah 
The Longships,Enya,hi ri u ho ro ho ho ri u him o ro ho   hoireann is oro tá muid beo him oro ho go deo na ndeor  
Na Laetha Geal M'Óige,Enya,ag amharc trí m óige  sé mé bhí sámh  gan eolas marbh  bhí mé óg gan am     anois táim buartha   s fad ar shiúl an lá  ochón is ochón ó    na laetha geal m óige  bhí siad lán de dhóchas  an bealach mó a bhí romhan ansin  bhí sé i ndán dom go mbeadh mé slán  
Marble Halls,Enya,i dreamt i dwelt in marble halls with vassals and serfs at my side  and of all who assembled within those walls that i was the hope and the pride  i had riches all too great to count and a high ancestral name    but i also dreamt which pleased me most that you loved me still the same  that you loved me you loved me still the same  that you loved me you loved me still the same   i dreamt that suitors sought my hand  that knights upon bended knee and with vows no maidens heart could withstand  they pledged their faith to me  and i dreamt that one of that noble host came forth my hand to claim    but i also dreamt which charmed me most that you loved me still the same that you loved me you loved me still the same  that you loved me you loved me still the same  
After Ventus,Enya,mare nubium  umbriel  mare imbrium  ariel  et itur ad astra  et itur ad astra  mare undarum  io  vela   mirabile dictu  mirabilia  mirabile visu  mirabilia  et itur ad astra  et itur ad astra  sempervirent  rosetum   afer ventus  zephyrus  volturnus  africus  et itur ad astra  et itur ad astra  etesiarum  eurus     suus cuique mos  suum cuique  meus mihi  suus cuique carus  mememto  terrigena  mememto  vita brevis  meus mihi  suus cuique carus  
Hope Has a Place,Enya,one look at love and you may see it weaves a web over mystery  all ravelled threads can rend apart for hope has a place in the lover s heart  hope has a place in a lover s heart    whispering world  a sigh of sighs  the ebb and the flow of the ocean tides  one breath  one word may end or may start a hope in a place of the lover s heart  hope has a place in a lover s heart   look to love you may dream  and if it should leave then give it wings  but if such a love is meant to be  hope is home  and the heart is free  under the heavens we journey far  on roads of life we re the wanderers  so let love rise  so let love depart  let hope have a place in the lover s heart  hope has a place in a lover s heart    look to love and you may dream  and if it should leave then give it wings  but if such a love is meant to be  hope is home  and the heart is free  hope is home  and the heart is free  
Tempus Vernum,Enya,ergo  oceanus  maritimus  ergo opacare  matutinus  ergo septentrio  meridies  ergo occidens et orientis  ergo oceanus  maritimus  opacare  matutinus  septentrio  meridies  occidens et orientis  ergo terra  stella  hiems et aestas  ergo autumnus et  tempus vernum  ergo radius solis  et umbra  ignis  aqua caelum  luna  terra  stella  hierns et aestas  autumnus et  tempus vernum  tempus vernum   translation   therefore   ocean  sea    therefore dusk  dawn    therefore north  south  therefore west and east  therefore  ocean  sea dusk  dawn  north  south  west and east  therefore earth  star  winter and summer  therefore autumn and  spring time  therefore ray of the sun  and shade  fire  water sky  moon  earth  star  winter and summer  autumn and  spring time  spring time
Deora Ar Mo Chroi [Tears on My Heart],Enya,ba dheas an lá go oíche na glórtha binne i mo thaobh  s aoibhneas i gach áit gan gruaim áthas are mo chroí go deo he a ro he a o ro  ma shiúlaim ó na laetha beo an ghrian  s an ghealach are mo chúl nil uaim ach smaointe ó mo shaoil deora are mo chroí go brón he a ro he a ro he a o ro
Deora Ar Mo Chroi,Enya,how beautiful the day and night  the earth is singing in the wind  the voices rise and touch the sky telling all the earth s believing  and in the night skies fall down on me   and when i move away from view my voice is singing in the wind  it rises up to touch the sky telling all that i believe in  and from the night earth shall sing  and from the night earth shall sing  and from the night earth shall sing again    adaptation   ba dheas an la go oiche na glortha binne i mo thaobh  s aoibhneas i gachait gan gruaim athas are mo chroi go deo he a ro he a o ro  ma shilaim o na laetha beo an ghrian  s an ghealach are mo chul nil uaim ach smaointe o mo shaoil deora are mo chroi go bron he a ro he a o ro
Lazy Days,Enya,lazy old day rolling away dreaming the day away don t want to go now that i m in the flow crazy amazing day  one red balloon floats to the moon just let it fly away i only know that i m longing to go back to my lazy day  and how it sings and how it sighs and how it never stays and how it rings and how it cries and how it sails away  away  away
Deireadh an Tuath,Enya,sí an ghealach mall san oiche  sí an ghrian  fán liom go deo     hoireann is o hi o ho ra ha   sí na samhna   tús na bliain you re   sí an chrann marbh  deireadh an tua    hoireann is o ho o ho ro ho   haireann is o ho o ho ro ho 
Dan y Dwr,Enya,dan y dwr  tawelwch sydd  dan y dwr  galwaf i  nid yw r swn gyda fi    dan y dwr  tawelwch am byth  dan y dwr  galwaf i  nid yw r swn ddim fwy gyda fi  
Angeles,Enya,angels  answer me  are you near if rain should fall  am i to believe you will rise to calm the storm  for so great a treasure words will never do  surely  if this is  promises are mine to give you  mine to give  here  all too soon the day  wish the moon to fall and alter tomorrow  i should know heaven has her way each one given memories to own   angels  all could be should you move both earth and sea angels  i could feel all those dark clouds disappearing  even  as i breathe comes an angel to their keep  surely  if this is promises are mine to give you  mine to give
Smaointe,Enya,eist le mo chroi go bronach a choich ta me cailte gan ta  s do bhean cheile an gro mor i do shaoil threorai si me bigi liomsa i gconai la  s oich
The Bridge Of Khazad Dum,Enya,urus ni buzra  arras talbabi filluma  ugrud tashniki kurduma  lu  lu  lu  urkhas tanakhi    fire in the deep  flames lick our skin  fear rips our heart  no  no  no  the demon comes  
The Great River,Enya,ai  laurie lantar lassi surinen  yeni unotime ve ramar aldaron  yeni ve linte      alas  golden leaves fall in the wind  long years numberless as  the  wings of trees  long years like swift      verse 2  et earello endorenna utulien  sinome maruvan ar hildinyar tenn  ambar metta    out of the great sea to middle earth i am come  in this place i will abide  and my heirs  unto the ending of the world 
The Breaking of the Fellowship,Enya,when the cold of winter comes  starless night will cover day  in the veiling of the sun  we will walk in bitter rain   but in dreams  i can hear your name  and in dreams  we will meet again   when the seas and mountains fall  and we come  to end of days  in the dark i hear a call  calling me there   i will go there  and back again 
Once You Had Gold,Enya,once you had gold  once you had silver  then came the rains out of the blue  ever and always  always and ever  time gave both darkness and dreams to you    now you can see spring becomes autumn  leaves become gold falling from view  ever and always  always and ever  no one can promise a dream come true  time gave both darkness and dreams to you   what is the dark  shadows around you  why not take heart in the new day  ever and always  always and ever  no one can promise a dream for you  time gave both darkness and dreams to you  
Pilgrim,Enya,pilgrim  how you journey on the road you chose to find out why the winds die and where the stories go  all days come from one day that much you must know  you cannot change what s over but only where you go  one way leads to diamonds  one way leads to gold  another leads you only to everything you re told  in your heart you wonder which of these is true  the road that leads to nowhere  the road that leads to you   will you find the answer in all you say and do  will you find the answer in you   each heart is a pilgrim  each one wants to know the reason why the winds die and where the stories go  pilgrim  in your journey you may travel far  for pilgrim it s a long way to find out who you are  pilgrim it s a long way to find out who you are  pilgrim it s a long way to find out who you are
Paint the Sky With Stars,Enya,suddenly before my eyes hues of indigo arise with them how my spirit sighs paint the sky with stars   only night will ever know why the heavens never show all the dreams there are to know paint the sky with stars  who has placed the midnight sky so a spirit has to fly  as the heavens seem so far now  who will paint the midnight star   night has brought to those who sleep only dreams they cannot keep i have legends in the deep paint the sky with stars   who has placed the midnight sky so a spirit has to fly  as the heavens seem so far now  who will paint the midnight star   place a name upon the night one to set your heart alight and to make the darkness bright paint the sky with stars  
La Soñadora,Enya,yo  el otoño yo  el vespero he sido un eco   seré una ola seré la luna he sido todo  soy yo    yo  el verano yo  el ébano soy la soñadora   
Orinoco Flow [Edit],Enya,let me sail  let me sail  let the orinoco flow  let me reach  let me beach on the shores of tripoli  let me sail  let me sail  let me crash upon your shore  let me reach  let me beach far beyond the yellow sea  de de de de de    sailway     from bissau to palau in the shade of avalon  from fiji to tiree and the isles of ebony  from peru to cebu  feel the power of babylon  from bali to cali  far beneath the coral sea  de de de de de    sail away    turn it up   adieu  ooh  from the north to the south  ebudau unto khartoum  from the deep sea of clouds to the island of the moon  carry me on the waves to the lands i ve never seen  carry me on the lands i ve never seen  we can sail  with the orinoco flow  wecan sail away    we can steer  we can near with rob dickins at the wheel  we can sigh  say goodbyeross and his dependencies  we can sail away  repeat and fade  
I May Not Awaken,Enya,when the warmth of the day becomes the night who could sleep beneath a strange moonlight  no guiding star so far from home   walked the way o  promise to find but snow throughout  the voice of the winds brings nothing more than low echoes so far from home   even from a child a wish is not enough for me  for me the sky may fall and even from a child a dream is not enough could be  could be the sky may fall could be  could be the night ends all   no rains could weep as i have wept to know a simple dream will not be kept i am a child so far from home   one by one the sky falls i may not awaken
'S Fagain Mo Bhaile,Enya,maidin is tús an lae is fágaim mo bhaile tá mo chroíse go brón is fad are shiúl m óige   oíche is mé liom féin spéartha dubh go domhain  a choích ag cuimhneach are laethanta a bhí gan ghá agus gan ghruaim eistim leis an ghaoth uaigneas mór  go deo  a choích   deireadh an turas mór táim brónach  buartha  s briste i mo dhiaidh nach mbeidh níos mó ach  tá sé i ndán dúinn  a pháistí   is fada anois an lá a d fhág mé mo bhaile níl áthas i mo chroí níl ann ach an marbh 
Book of Days [From Far and Away],Enya,one day  one night  one moment my dreams could be tomorrow one step  one fall  one falter east or west  over earth or by ocean one way to be my journey this way could be my book of days  no day  no night  no moment can hold me back from trying i ll flag  i ll fall  i ll falter i ll find my day maybe far and away far and away  one day  one night  one moment with a dream to be living one step  one fall  one falter and a new world that cross a wide ocean this sway became my journey this day ends together far and away  this day ends together far and away far and away 
"Storms in Africa, Pt. 2",Enya,though i walk through warm sands in africa winds will grow soon to storms in africa   how far to go i cannot say  how many more will journey this way   dark skies fall on black earth and ivory  far from your sun clouds now close over me   how far to go i cannot say  how many more will journey this way   storms have come  rains wash the earth away dark skies fall down into another day  rains have now come from storms in africa time will go on through storms in africa
Exile [From L.A. Story],Enya,cold as the northern winds in december mornings  cold is the cry that rings from this far distand shore    winter has come too late too close beside me  how can i chase away all these fears deep inside    i ll wait the signs to come  i ll find a way i will wait the time to come  i ll find a way home    my light shall be the moon and my path   the ocean  my guide the morning star as i sail home to you    i ll wait the signs to come  i ll find a way  i will wait the time to come  i ll find a way home    who then can warm my soul  who can quell my passion  out of these dreamsqa boat i will sail home to you  
Watermark [From Green Card],Enya,cursum perficio    cursum perficio   verbum sapienti   quo plus habent   eo plus cupiunt   post nubila  phoebus  iternum     translation   i am making an end to my course   a word to the wise   the more  people  have  the more they want   after the clouds  phoebus  over and over again    
Na Laetha Geal M'oige,Enya,ag amharc trí m óige  sé mé bhí sámh  gan eolas marbh  bhí mé óg gan am     anois táim buartha   s fad ar shiúl an lá  ochón is ochón ó    na laetha geal m óige  bhí siad lán de dhóchas  an bealach mó a bhí romhan ansin  bhí sé i ndán dom go mbeadh mé slán  
The Frog Prince,Enya,deep in my dreams   i saw you close by my side   and the words you said to me   made me reel down deep inside   my hand in your hand   so warm and so lovingly   leaving all my dreams behind   wonder who my prince will be      chorus    what is this wonder   that love can make you feel   am i deep now in slumber   or is my prince real   now  now my dream   is standing close by my side   saying words i wish to hear   and i m reeling deep inside      chorus   morning has come   my dreams are left far behind   as i walk through paris streets   i know now what i shall find   this smile on my face   will carry a love i have known   like a fairytale come true   oh  what joy this love has shown
Dreams,Enya,you re everything my dreams have seen   but  what are dreams   i m walking where my dreams have been   but  what are dreams     can i believe these spells i feel   i m wary now   can i believe  or is this real   i m wary now     just like some new born creature  i   what are dreams   a child in need of love and care   tell me what  tell me what  are dreams     can i believe these spells i feel   i m wary now   can i believe  or is this real   i m wary now     just like some new born creature  i   what are dreams   a child in need of love and care   tell me what  tell me what  are dreams 
Never Get Old,Enya, god commanded his angels concerning you to guard you in all your ways  they will lift you up in their arms to keep you from striking your foot against a stone  you will tread upon the lion and the cobra you will trample the great lion and the serpent    young woman with a drink in her hand she like to listen to rock and roll she moves with the music  cause it never gets old it s the only thing  that never gets old  young man in a quiet place got a hawk on his arm  he loves that bird never does no harm it s the only thing  that never can do no harm must be the only thing  that never can do no harm  sun setting on the avenue everyone walks by they live their life under cover  being blind being blind being blind
Wild Child [Radio Edit],Enya,ever close your eyes ever stop and listen ever feel alive and you ve nothing missing you don t need a reason let the day go on and on  let the rain fall down everywhere around you give into it now let the day surround you you don t need a reason let the rain go on and on  what a day  what a day to take to what a way  what a way to make it through what a day  what a day to take to a wild child  only take the time from the helter skelter every day you find everything s in kilter you don t need a reason let the day go on and on  every summer sun every winter evening every spring to come every autumn leaving you don t need a reason let it all go on and on  what a day  what a day to take to what a way  what a way to make it through what a day  what a day to take to a wild child  what a day  what a day to take to what a way  what a way to make it through what a day  what a day to take to a wild child  what a day  what a day to take to what a way  what a way to make it through what a day  what a day to take to da da da da da da da da da what a way  what a way to make it through da da da da da da da da da da da da da da da da da da what a way  what a way to make it through what a day  what a day to take to a wild child what a day  what a day to take to a wild child
